test1,1
test2,2
test3,3
test4,4
test5,5
test6,6
test7,7
test8,8
test9,9
test10,10
test11,11
test12,12
test13,13
test14,14
test15,15
test16,16
test17,17
test18,18
test19,19
test20,20
test21,21
test22,22
test23,23
test24,24
test25,25
test26,26
test27,27
test28,28
test29,29
test30,30
test31,31
test32,32
test33,33
test34,34
test35,35
test36,36
test37,37
test38,38
test39,39
test40,40
test41,41
test42,42
test43,43
test44,44
test45,45
test46,46
test47,47
test48,48
test49,49
test50,50
test51,51
test52,52
test53,53
test54,54
test55,55
test56,56
test57,57
test58,58
test59,59
test60,60
test61,61
test62,62
test63,63
test64,64
test65,65
test66,66
test67,67
test68,68
test69,69
test70,70
test71,71
test72,72
test73,73
test74,74
test75,75
test76,76
test77,77
test78,78
test79,79
test80,80
test81,81
test82,82
test83,83
test84,84
test85,85
test86,86
test87,87
test88,88
test89,89
test90,90
test91,91
test92,92
test93,93
test94,94
test95,95
test96,96
test97,97
test98,98
test99,99
test100,100
test101,101
test102,102
test103,103
test104,104
test105,105
test106,106
test107,107
test108,108
test109,109
test110,110
test111,111
test112,112
test113,113
test114,114
test115,115
test116,116
test117,117
test118,118
test119,119
test120,120
test121,121
test122,122
test123,123
test124,124
test125,125
test126,126
test127,127
test128,128
test129,129
test130,130
test131,131
test132,132
test133,133
test134,134
test135,135
test136,136
test137,137
test138,138
test139,139
test140,140
test141,141
test142,142
test143,143
test144,144
test145,145
test146,146
test147,147
test148,148
test149,149
test150,150
test151,151
test152,152
test153,153
test154,154
test155,155
test156,156
test157,157
test158,158
test159,159
test160,160
test161,161
test162,162
test163,163
test164,164
test165,165
test166,166
test167,167
test168,168
test169,169
test170,170
test171,171
test172,172
test173,173
test174,174
test175,175
test176,176
test177,177
test178,178
test179,179
test180,180
test181,181
test182,182
test183,183
test184,184
test185,185
test186,186
test187,187
test188,188
test189,189
test190,190
test191,191
test192,192
test193,193
test194,194
test195,195
test196,196
test197,197
test198,198
test199,199
test200,200
test201,201
test202,202
test203,203
test204,204
test205,205
test206,206
test207,207
test208,208
test209,209
test210,210
test211,211
test212,212
test213,213
test214,214
test215,215
test216,216
test217,217
test218,218
test219,219
test220,220
test221,221
test222,222
test223,223
test224,224
test225,225
test226,226
test227,227
test228,228
test229,229
test230,230
test231,231
test232,232
test233,233
test234,234
test235,235
test236,236
test237,237
test238,238
test239,239
test240,240
test241,241
test242,242
test243,243
test244,244
test245,245
test246,246
test247,247
test248,248
test249,249
test250,250
test251,251
test252,252
test253,253
test254,254
test255,255
test256,256
test257,257
test258,258
test259,259
test260,260
test261,261
test262,262
test263,263
test264,264
test265,265
test266,266
test267,267
test268,268
test269,269
test270,270
test271,271
test272,272
test273,273
test274,274
test275,275
test276,276
test277,277
test278,278
test279,279
test280,280
test281,281
test282,282
test283,283
test284,284
test285,285
test286,286
test287,287
test288,288
test289,289
test290,290
test291,291
test292,292
test293,293
test294,294
test295,295
test296,296
test297,297
test298,298
test299,299
test300,300
test301,301
test302,302
test303,303
test304,304
test305,305
test306,306
test307,307
test308,308
test309,309
test310,310
test311,311
test312,312
test313,313
test314,314
test315,315
test316,316
test317,317
test318,318
test319,319
test320,320
test321,321
test322,322
test323,323
test324,324
test325,325
test326,326
test327,327
test328,328
test329,329
test330,330
test331,331
test332,332
test333,333
test334,334
test335,335
test336,336
test337,337
test338,338
test339,339
test340,340
test341,341
test342,342
test343,343
test344,344
test345,345
test346,346
test347,347
test348,348
test349,349
test350,350
test351,351
test352,352
test353,353
test354,354
test355,355
test356,356
test357,357
test358,358
test359,359
test360,360
test361,361
test362,362
test363,363
test364,364
test365,365
test366,366
test367,367
test368,368
test369,369
test370,370
test371,371
test372,372
test373,373
test374,374
test375,375
test376,376
test377,377
test378,378
test379,379
test380,380
test381,381
test382,382
test383,383
test384,384
test385,385
test386,386
test387,387
test388,388
test389,389
test390,390
test391,391
test392,392
test393,393
test394,394
test395,395
test396,396
test397,397
test398,398
test399,399
test400,400
test401,401
test402,402
test403,403
test404,404
test405,405
test406,406
test407,407
test408,408
test409,409
test410,410
test411,411
test412,412
test413,413
test414,414
test415,415
test416,416
test417,417
test418,418
test419,419
test420,420
test421,421
test422,422
test423,423
test424,424
test425,425
test426,426
test427,427
test428,428
test429,429
test430,430
test431,431
test432,432
test433,433
test434,434
test435,435
test436,436
test437,437
test438,438
test439,439
test440,440
test441,441
test442,442
test443,443
test444,444
test445,445
test446,446
test447,447
test448,448
test449,449
test450,450
test451,451
test452,452
test453,453
test454,454
test455,455
test456,456
test457,457
test458,458
test459,459
test460,460
test461,461
test462,462
test463,463
test464,464
test465,465
test466,466
test467,467
test468,468
test469,469
test470,470
test471,471
test472,472
test473,473
test474,474
test475,475
test476,476
test477,477
test478,478
test479,479
test480,480
test481,481
test482,482
test483,483
test484,484
test485,485
test486,486
test487,487
test488,488
test489,489
test490,490
test491,491
test492,492
test493,493
test494,494
test495,495
test496,496
test497,497
test498,498
test499,499
test500,500
test501,501
test502,502
test503,503
test504,504
test505,505
test506,506
test507,507
test508,508
test509,509
test510,510
test511,511
test512,512
test513,513
test514,514
test515,515
test516,516
test517,517
test518,518
test519,519
test520,520
test521,521
test522,522
test523,523
test524,524
test525,525
test526,526
test527,527
test528,528
test529,529
test530,530
test531,531
test532,532
test533,533
test534,534
test535,535
test536,536
test537,537
test538,538
test539,539
test540,540
test541,541
test542,542
test543,543
test544,544
test545,545
test546,546
test547,547
test548,548
test549,549
test550,550
test551,551
test552,552
test553,553
test554,554
test555,555
test556,556
test557,557
test558,558
test559,559
test560,560
test561,561
test562,562
test563,563
test564,564
test565,565
test566,566
test567,567
test568,568
test569,569
test570,570
test571,571
test572,572
test573,573
test574,574
test575,575
test576,576
test577,577
test578,578
test579,579
test580,580
test581,581
test582,582
test583,583
test584,584
test585,585
test586,586
test587,587
test588,588
test589,589
test590,590
test591,591
test592,592
test593,593
test594,594
test595,595
test596,596
test597,597
test598,598
test599,599
test600,600
test601,601
test602,602
test603,603
test604,604
test605,605
test606,606
test607,607
test608,608
test609,609
test610,610
test611,611
test612,612
test613,613
test614,614
test615,615
test616,616
test617,617
test618,618
test619,619
test620,620
test621,621
test622,622
test623,623
test624,624
test625,625
test626,626
test627,627
test628,628
test629,629
test630,630
test631,631
test632,632
test633,633
test634,634
test635,635
test636,636
test637,637
test638,638
test639,639
test640,640
test641,641
test642,642
test643,643
test644,644
test645,645
test646,646
test647,647
test648,648
test649,649
test650,650
test651,651
test652,652
test653,653
test654,654
test655,655
test656,656
test657,657
test658,658
test659,659
test660,660
test661,661
test662,662
test663,663
test664,664
test665,665
test666,666
test667,667
test668,668
test669,669
test670,670
test671,671
test672,672
test673,673
test674,674
test675,675
test676,676
test677,677
test678,678
test679,679
test680,680
test681,681
test682,682
test683,683
test684,684
test685,685
test686,686
test687,687
test688,688
test689,689
test690,690
test691,691
test692,692
test693,693
test694,694
test695,695
test696,696
test697,697
test698,698
test699,699
test700,700
test701,701
test702,702
test703,703
test704,704
test705,705
test706,706
test707,707
test708,708
test709,709
test710,710
test711,711
test712,712
test713,713
test714,714
test715,715
test716,716
test717,717
test718,718
test719,719
test720,720
test721,721
test722,722
test723,723
test724,724
test725,725
test726,726
test727,727
test728,728
test729,729
test730,730
test731,731
test732,732
test733,733
test734,734
test735,735
test736,736
test737,737
test738,738
test739,739
test740,740
test741,741
test742,742
test743,743
test744,744
test745,745
test746,746
test747,747
test748,748
test749,749
test750,750
test751,751
test752,752
test753,753
test754,754
test755,755
test756,756
test757,757
test758,758
test759,759
test760,760
test761,761
test762,762
test763,763
test764,764
test765,765
test766,766
test767,767
test768,768
test769,769
test770,770
test771,771
test772,772
test773,773
test774,774
test775,775
test776,776
test777,777
test778,778
test779,779
test780,780
test781,781
test782,782
test783,783
test784,784